Month,Total_Sales
1,94924.870000000024
2,59751.25999999998
3,205005.5100000001
4,137762.16000000003
5,155028.83000000007
6,152718.7200000002
7,147238.11
8,159043.99000000008
9,307649.9600000006
10,200323.03000000006
11,352461.0899999995
12,325293.54000000068