Category,Total_Profit
Technology,145455.66000000009
Office Supplies,122490.88000000044
Furniture,18451.250000000033