Region,Total_Sales
West,725457.93000000122
East,678781.3599999958
Central,501239.87999999913
South,391721.89999999967